,,,,,,,Rushing,Rushing,Rushing,Rushing,Rushing,Rushing,Rushing,Rushing,Rushing,,,-additional
Rk,Player,Age,Team,Pos,G,GS,Att,Yds,TD,1D,Succ%,Lng,Y/A,Y/G,A/G,Fmb,Awards,-9999
1,Jonathan Taylor,22,IND,RB,17,17,332,1811,18,107,55.4,83,5.5,106.5,19.5,4,PBAP-1AP OPoY-2,TaylJo02
2,Najee Harris,23,PIT,RB,17,17,307,1200,7,62,47.6,37,3.9,70.6,18.1,0,PB,HarrNa00
3,Joe Mixon,25,CIN,RB,16,16,292,1205,13,60,49.7,32,4.1,75.3,18.3,2,PB,MixoJo00
4,Antonio Gibson,23,WAS,RB,16,14,258,1037,7,65,51.2,27,4.0,64.8,16.1,6,,GibsAn00
5,Dalvin Cook,26,MIN,RB,13,13,249,1159,6,57,46.2,66,4.7,89.2,19.2,3,PB,CookDa01
6,Alvin Kamara,26,NOR,RB,13,10,240,898,4,42,41.3,30,3.7,69.1,18.5,0,PB,KamaAl00
7,Ezekiel Elliott,26,DAL,RB,17,17,237,1002,10,55,51.5,47,4.2,58.9,13.9,1,,ElliEz00
8,Nick Chubb,26,CLE,RB,14,14,228,1259,8,61,49.1,70,5.5,89.9,16.3,2,PB,ChubNi00
9,David Montgomery,24,CHI,RB,13,13,225,849,7,55,46.7,41,3.8,65.3,17.3,1,,MontDa01
10,Derrick Henry,27,TEN,RB,8,8,219,937,10,49,44.7,76,4.3,117.1,27.4,1,,HenrDe00
11,Josh Jacobs,23,LVR,RB,15,14,217,872,9,45,53.0,28,4.0,58.1,14.5,2,,JacoJo01
12,Sony Michel,26,LAR,RB,17,7,208,845,4,49,51.4,39,4.1,49.7,12.2,1,,MichSo00
13,Elijah Mitchell,23,SFO,RB,11,10,207,963,5,47,49.8,39,4.7,87.5,18.8,0,,MitcEl00
14,Austin Ekeler,26,LAC,RB,16,16,206,911,12,53,55.8,28,4.4,56.9,12.9,4,,EkelAu00
15,Melvin Gordon,28,DEN,RB,16,16,203,918,8,48,55.2,70,4.5,57.4,12.7,3,,GordMe00
16,Javonte Williams,21,DEN,RB,17,1,203,903,4,52,46.3,49,4.4,53.1,11.9,2,,WillJa10
17,James Conner,26,ARI,RB,15,6,202,752,15,53,50.0,35,3.7,50.1,13.5,2,PB,ConnJa00
18,Damien Harris,24,NWE,RB,15,15,202,929,15,55,54.0,64,4.6,61.9,13.5,2,,HarrDa06
19,Devin Singletary,24,BUF,RB,17,16,188,870,7,44,47.3,46,4.6,51.2,11.1,5,,SingDe00
20,AJ Dillon,23,GNB,RB,17,2,187,803,5,50,61.0,36,4.3,47.2,11.0,2,,DillAJ00
21,Leonard Fournette,26,TAM,RB,14,13,180,812,8,45,56.1,47,4.5,58.0,12.9,1,,FourLe00
22,Myles Gaskin,24,MIA,RB,17,10,173,612,3,25,41.6,30,3.5,36.0,10.2,2,,GaskMy00
23,Chuba Hubbard,22,CAR,RB,17,10,172,612,5,36,43.0,26,3.6,36.0,10.1,1,,HubbCh01
24,Aaron Jones,27,GNB,RB,15,15,171,799,4,37,49.7,57,4.7,53.3,11.4,2,,JoneAa00
25,James Robinson,23,JAX,RB,14,13,164,767,8,41,50.0,58,4.7,54.8,11.7,4,,RobiJa00
26,Saquon Barkley,24,NYG,RB,13,13,162,593,2,27,42.0,41,3.7,45.6,12.5,2,,BarkSa00
27,Mark Ingram,32,2TM,RB,14,10,160,554,2,23,38.1,28,3.5,39.6,11.4,1,,IngrMa01
27,Mark Ingram,32,HOU,RB,7,7,92,294,1,14,37.0,24,3.2,42.0,13.1,0,,IngrMa01
27,Mark Ingram,32,NOR,RB,7,3,68,260,1,9,39.7,28,3.8,37.1,9.7,1,,IngrMa01
28,Cordarrelle Patterson,30,ATL,RB,16,13,153,618,6,29,43.1,39,4.0,38.6,9.6,2,,PattCo00
29,Jamaal Williams,26,DET,RB,13,11,153,601,3,42,54.2,20,3.9,46.2,11.8,1,,WillJa06
30,D'Andre Swift,22,DET,RB,13,4,151,617,5,28,36.4,57,4.1,47.5,11.6,2,,SwifDA00
31,Darrell Henderson,24,LAR,RB,12,10,149,688,5,39,57.0,29,4.6,57.3,12.4,0,,HendDa00
32,Michael Carter,22,NYJ,RB,14,11,147,639,4,29,51.0,55,4.3,45.6,10.5,1,,CartMi03
33,Devontae Booker,29,NYG,RB,16,4,145,593,2,31,44.1,31,4.1,37.1,9.1,0,,BookDe00
34,Darrel Williams,26,KAN,RB,17,7,144,558,6,40,56.9,21,3.9,32.8,8.5,0,,WillDa10
35,Jalen Hurts,23,PHI,QB,15,15,139,784,10,56,61.9,31,5.6,52.3,9.3,9,,HurtJa00
36,Mike Davis,28,ATL,RB,17,8,138,503,3,21,42.0,18,3.6,29.6,8.1,4,,DaviMi01
37,Miles Sanders,24,PHI,RB,12,12,137,754,0,33,59.1,38,5.5,62.8,11.4,1,,SandMi01
38,Alexander Mattison,23,MIN,RB,16,4,134,491,3,28,44.0,48,3.7,30.7,8.4,1,,MattAl01
39,D'Onta Foreman,25,TEN,RB,9,3,133,566,3,22,48.9,35,4.3,62.9,14.8,2,,ForeDO00
40,Devonta Freeman,29,BAL,RB,16,8,133,576,5,31,58.6,32,4.3,36.0,8.3,0,,FreeDe00
41,Lamar Jackson,24,BAL,QB,12,12,133,767,2,48,56.4,31,5.8,63.9,11.1,6,PB,JackLa00
42,Rhamondre Stevenson,23,NWE,RB,12,2,133,606,5,33,57.9,21,4.6,50.5,11.1,2,,StevRh00
43,Tony Pollard,24,DAL,RB,15,0,130,719,2,35,53.8,58,5.5,47.9,8.7,2,,PollTo00
44,Josh Allen,25,BUF,QB,17,17,122,763,6,54,61.5,34,6.3,44.9,7.2,8,,AlleJo02
45,Rex Burkhead,31,HOU,RB,16,5,122,427,3,30,44.3,36,3.5,26.7,7.6,1,,BurkRe00
46,Clyde Edwards-Helaire,22,KAN,RB,10,10,119,517,4,21,56.3,17,4.3,51.7,11.9,2,,EdwaCl00
47,Latavius Murray,31,BAL,RB,14,6,119,501,6,36,58.0,46,4.2,35.8,8.5,0,,MurrLa00
48,Rashaad Penny,25,SEA,RB,10,6,119,749,6,28,46.2,62,6.3,74.9,11.9,0,,PennRa00
49,Chase Edmonds,25,ARI,RB,12,11,116,592,2,32,56.9,54,5.1,49.3,9.7,1,,EdmoCh00
50,Alex Collins,27,SEA,RB,11,6,108,411,2,22,50.9,25,3.8,37.4,9.8,1,,CollAl00
51,Khalil Herbert,23,CHI,RB,17,2,103,433,2,24,50.5,29,4.2,25.5,6.1,1,,HerbKh00
52,Ronald Jones II,24,TAM,RB,16,3,101,428,4,25,62.4,30,4.2,26.8,6.3,2,,JoneRo01
53,D'Ernest Johnson,25,CLE,RB,17,2,100,534,3,24,52.0,30,5.3,31.4,5.9,1,,JohnDE04
54,Christian McCaffrey,25,CAR,RB,7,7,99,442,1,20,50.5,18,4.5,63.1,14.1,1,,McCaCh01
55,Zack Moss,24,BUF,RB,13,0,96,345,4,22,49.0,17,3.6,26.5,7.4,2,,MossZa00
56,Kyler Murray,24,ARI,QB,14,14,88,423,5,25,53.4,57,4.8,30.2,6.3,13,PB,MurrKy00
57,Phillip Lindsay,27,2TM,RB,14,1,88,249,1,11,37.5,35,2.8,17.8,6.3,0,,LindPh00
57,Phillip Lindsay,27,HOU,RB,10,1,50,130,1,7,30.0,35,2.6,13.0,5.0,0,,LindPh00
57,Phillip Lindsay,27,MIA,RB,4,0,38,119,0,4,47.4,9,3.1,29.8,9.5,0,,LindPh00
58,Boston Scott,26,PHI,RB,16,4,87,373,7,24,56.3,23,4.3,23.3,5.4,1,,ScotBo02
59,Jordan Howard,27,PHI,RB,7,0,86,406,3,24,62.8,25,4.7,58.0,12.3,0,,HowaJo00
60,Tevin Coleman,28,NYJ,RB,11,5,84,356,0,19,53.6,20,4.2,32.4,7.6,0,,ColeTe01
61,Jeff Wilson,26,SFO,RB,9,4,79,294,2,19,50.6,17,3.7,32.7,8.8,1,,WilsJe01
62,Kareem Hunt,26,CLE,RB,8,1,78,386,5,22,47.4,33,4.9,48.3,9.8,0,,HuntKa00
63,Trevor Lawrence,22,JAX,QB,17,17,73,334,2,22,50.7,26,4.6,19.6,4.3,9,,LawrTr00
64,Justin Fields,22,CHI,QB,12,10,72,420,2,22,48.6,23,5.8,35.0,6.0,12,,FielJu00
65,Carlos Hyde,31,JAX,RB,12,2,72,253,1,14,50.0,18,3.5,21.1,6.0,2,,HydeCa00
66,Duke Johnson,28,MIA,RB,5,4,71,330,3,18,49.3,27,4.6,66.0,14.2,0,,JohnDu00
67,Taysom Hill,31,NOR,QB/WR,12,9,70,374,5,26,61.4,44,5.3,31.2,5.8,2,,HillTa00
68,Kenneth Gainwell,22,PHI,RB,16,1,68,291,5,19,50.0,18,4.3,18.2,4.3,2,,GainKe00
69,Justin Jackson,25,LAC,RB,14,2,68,364,2,18,50.0,75,5.4,26.0,4.9,1,,JackJu01
70,Jaret Patterson,22,WAS,RB,17,1,68,266,2,15,50.0,13,3.9,15.6,4.0,1,,PattJa01
71,David Johnson,30,HOU,RB,13,4,67,228,0,7,34.3,15,3.4,17.5,5.2,1,,JohnDa08
72,Patrick Mahomes,26,KAN,QB,17,17,66,381,2,25,50.0,32,5.8,22.4,3.9,9,PB,MahoPa00
73,Kenyan Drake,27,LVR,RB,12,2,63,254,2,15,44.4,21,4.0,21.2,5.3,1,,DrakKe00
74,Justin Herbert,23,LAC,QB,17,17,63,302,3,28,58.7,36,4.8,17.8,3.7,1,PB,HerbJu00
75,Daniel Jones,24,NYG,QB,11,11,62,298,2,16,48.4,46,4.8,27.1,5.6,7,,JoneDa05
76,Ty Johnson,24,NYJ,RB,16,3,61,238,2,13,47.5,24,3.9,14.9,3.8,2,,JohnTy02
77,Taylor Heinicke,28,WAS,QB,16,15,60,313,1,20,46.7,38,5.2,19.6,3.8,7,,HeinTa00
78,Deebo Samuel,25,SFO,WR,16,15,59,365,8,21,54.2,49,6.2,22.8,3.7,4,PBAP-1,SamuDe00
79,Carson Wentz,29,IND,QB,17,17,57,215,1,21,49.1,18,3.8,12.6,3.4,8,,WentCa00
80,Dontrell Hilliard,26,TEN,RB,8,5,56,350,2,15,46.4,68,6.3,43.8,7.0,2,,HillDo00
81,Nyheim Hines,25,IND,RB,17,4,56,276,2,15,48.2,34,4.9,16.2,3.3,3,,HineNy00
82,Royce Freeman,25,2TM,RB,15,0,56,169,0,8,44.6,13,3.0,11.3,3.7,0,,FreeRo00
82,Royce Freeman,25,CAR,RB,8,0,21,77,0,4,47.6,13,3.7,9.6,2.6,0,,FreeRo00
82,Royce Freeman,25,HOU,RB,7,0,35,92,0,4,42.9,13,2.6,13.1,5.0,0,,FreeRo00
83,Peyton Barber,27,LVR,RB,10,1,55,212,2,12,47.3,27,3.9,21.2,5.5,2,,BarbPe01
84,Samaje Perine,26,CIN,RB,16,0,55,246,1,11,41.8,46,4.5,15.4,3.4,0,,PeriSa00
85,Craig Reynolds,25,DET,RB,5,2,55,230,0,11,43.6,35,4.2,46.0,11.0,0,,ReynCr00
86,Ryan Tannehill,33,TEN,QB,17,17,55,270,7,33,65.5,28,4.9,15.9,3.2,10,,TannRy00
87,Salvon Ahmed,23,MIA,RB,12,0,54,149,0,8,29.6,16,2.8,12.4,4.5,0,,AhmeSa01
88,Chris Carson,27,SEA,RB,4,4,54,232,3,11,55.6,33,4.3,58.0,13.5,1,,CarsCh00
89,Tony Jones,24,NOR,RB,11,4,54,142,0,7,37.0,11,2.6,12.9,4.9,0,,JoneTo04
90,Derrick Gore,27,KAN,RB,11,0,51,256,2,12,60.8,51,5.0,23.3,4.6,0,,GoreDe00
91,Ameer Abdullah,28,2TM,RB,17,1,51,166,0,8,45.1,15,3.3,9.8,3.0,0,,AbduAm00
91,Ameer Abdullah,28,MIN,RB,6,0,7,30,0,0,42.9,9,4.3,5.0,1.2,0,,AbduAm00
91,Ameer Abdullah,28,CAR,RB,11,1,44,136,0,8,45.5,15,3.1,12.4,4.0,0,,AbduAm00
92,Sam Darnold,24,CAR,QB,12,11,48,222,5,20,60.4,30,4.6,18.5,4.0,9,,DarnSa00
93,J.D. McKissic,28,WAS,RB,11,3,48,212,2,14,60.4,15,4.4,19.3,4.4,0,,McKiJ.00
94,Dak Prescott,28,DAL,QB,16,16,48,146,1,7,27.1,21,3.0,9.1,3.0,14,AP CPoY-2,PresDa01
95,Tyler Huntley,23,BAL,QB,7,4,47,294,2,22,55.3,21,6.3,42.0,6.7,4,,HuntTy01
96,Cam Newton,32,CAR,QB,8,5,47,230,5,20,55.3,33,4.9,28.8,5.9,4,,NewtCa00
97,Brandon Bolden,31,NWE,RB,17,1,44,226,1,12,43.2,24,5.1,13.3,2.6,1,,BoldBr00
98,Mac Jones,23,NWE,QB,17,17,44,129,0,22,52.3,13,2.9,7.6,2.6,7,PBAP ORoY-2,JoneMa05
99,Dare Ogunbowale,27,JAX,RB,17,2,43,137,1,5,37.2,12,3.2,8.1,2.5,0,,OgunDa00
100,Russell Wilson,33,SEA,QB,14,14,43,183,2,17,44.2,17,4.3,13.1,3.1,6,PB,WilsRu00
101,Tua Tagovailoa,23,MIA,QB,13,12,42,128,3,13,40.5,23,3.0,9.8,3.2,9,,TagoTu00
102,Jeremy McNichols,26,TEN,RB,14,0,41,156,0,6,41.5,14,3.8,11.1,2.9,0,,McNiJe00
103,Trey Sermon,22,SFO,RB,9,2,41,167,1,9,56.1,16,4.1,18.6,4.6,0,,SermTr00
104,Joe Burrow,25,CIN,QB,16,16,40,118,2,14,40.0,12,3.0,7.4,2.5,5,AP CPoY-1,BurrJo01
105,Derek Carr,30,LVR,QB,17,17,40,108,0,9,40.0,22,2.7,6.4,2.4,13,,CarrDe02
106,Matt Ryan,36,ATL,QB,17,17,40,82,1,9,30.0,17,2.1,4.8,2.4,11,,RyanMa00
107,Damien Williams,29,CHI,RB,12,2,40,164,2,11,52.5,23,4.1,13.7,3.3,0,,WillDa05
108,Le'Veon Bell,29,2TM,RB,8,0,39,101,2,9,46.2,12,2.6,12.6,4.9,0,,BellLe00
108,Le'Veon Bell,29,BAL,RB,5,0,31,83,2,8,48.4,12,2.7,16.6,6.2,0,,BellLe00
108,Le'Veon Bell,29,TAM,RB,3,0,8,18,0,1,37.5,7,2.3,6.0,2.7,0,,BellLe00
109,Jimmy Garoppolo,30,SFO,QB,15,15,38,51,3,15,47.4,7,1.3,3.4,2.5,8,,GaroJi00
110,Trey Lance,21,SFO,QB,6,2,38,168,1,8,42.1,15,4.4,28.0,6.3,0,,LancTr00
111,Adrian Peterson,36,2TM,RB,4,3,38,98,2,6,42.1,16,2.6,24.5,9.5,1,,PeteAd01
111,Adrian Peterson,36,TEN,RB,3,2,27,82,1,4,44.4,16,3.0,27.3,9.0,0,,PeteAd01
111,Adrian Peterson,36,SEA,RB,1,1,11,16,1,2,36.4,7,1.5,16.0,11.0,1,,PeteAd01
112,Baker Mayfield,26,CLE,QB,14,14,37,134,1,12,48.6,14,3.6,9.6,2.6,6,,MayfBa00
113,Larry Rountree,22,LAC,RB,12,0,36,87,1,5,33.3,13,2.4,7.3,3.0,0,,RounLa00
114,Benny Snell Jr.,23,PIT,RB,17,0,36,98,0,3,30.6,9,2.7,5.8,2.1,0,,SnelBe00
115,Ke'Shawn Vaughn,24,TAM,RB,12,1,36,180,2,9,50.0,55,5.0,15.0,3.0,0,,VaugKe00
116,Ty'Son Williams,25,BAL,RB,13,3,35,185,1,7,45.7,35,5.3,14.2,2.7,1,,WillTy01
117,Eno Benjamin,22,ARI,RB,9,0,34,118,1,4,41.2,21,3.5,13.1,3.8,0,,BenjEn00
118,Malcolm Brown,28,MIA,RB,7,3,33,125,1,6,51.5,24,3.8,17.9,4.7,0,,BrowMa03
119,Corey Clement,27,DAL,RB,17,0,33,140,0,7,42.4,38,4.2,8.2,1.9,0,,ClemCo00
120,DeeJay Dallas,23,SEA,RB,17,0,33,138,2,10,57.6,15,4.2,8.1,1.9,1,,DallDe00
121,Joshua Kelley,24,LAC,RB,10,0,33,102,0,5,30.3,14,3.1,10.2,3.3,1,,KellJo01
122,Aaron Rodgers,38,GNB,QB,16,16,33,101,3,10,36.4,18,3.1,6.3,2.1,3,PBAP-1AP MVP-1AP OPoY-4,RodgAa00
123,Matthew Stafford,33,LAR,QB,17,17,32,43,0,8,31.3,12,1.3,2.5,1.9,5,,StafMa00
124,Jameis Winston,27,NOR,QB,7,7,32,166,1,17,56.3,20,5.2,23.7,4.6,2,,WinsJa00
125,Teddy Bridgewater,29,DEN,QB,14,14,30,106,2,16,60.0,13,3.5,7.6,2.1,1,,BridTe00
126,Kirk Cousins,33,MIN,QB,16,16,29,115,1,8,48.3,29,4.0,7.2,1.8,12,PB,CousKi00
127,Zach Wilson,22,NYJ,QB,13,13,29,185,4,10,44.8,52,6.4,14.2,2.2,5,,WilsZa00
128,Tom Brady,44,TAM,QB,17,17,28,81,2,14,53.6,13,2.9,4.8,1.6,4,PBAP-2AP MVP-2AP OPoY-3,BradTo00
129,Wayne Gallman,27,ATL,RB,6,0,28,104,0,5,35.7,17,3.7,17.3,4.7,0,,GallWa00
130,Marlon Mack,25,IND,RB,6,0,28,101,0,6,32.1,22,3.6,16.8,4.7,0,,MackMa00
131,Matt Breida,26,BUF,RB,9,0,26,125,1,5,65.4,28,4.8,13.9,2.9,1,,BreiMa00
132,Austin Walter,25,NYJ,RB,4,0,26,101,1,5,42.3,14,3.9,25.3,6.5,0,,WaltAu00
133,Elijhaa Penny,28,NYG,RB,17,3,24,99,1,9,50.0,12,4.1,5.8,1.4,0,,PennEl00
134,Patrick Taylor,23,GNB,RB,9,0,23,89,1,5,60.9,12,3.9,9.9,2.6,0,,TaylPa01
135,Colt McCoy,35,ARI,QB,8,3,22,37,0,6,31.8,11,1.7,4.6,2.8,4,,McCoCo00
136,Travis Homer,23,SEA,RB,14,0,21,177,1,7,57.1,73,8.4,12.6,1.5,0,,HomeTr00
137,Qadree Ollison,25,ATL,RB,8,0,21,105,1,7,52.4,19,5.0,13.1,2.6,1,,OlliQa00
138,Ben Roethlisberger,39,PIT,QB,16,16,20,5,1,3,20.0,8,0.3,0.3,1.3,11,,RoetBe00
139,Jacoby Brissett,29,MIA,QB,11,5,19,70,1,9,63.2,19,3.7,6.4,1.7,6,,BrisJa00
140,J.J. Taylor,23,NWE,RB,5,0,19,37,2,3,21.1,15,1.9,7.4,3.8,1,,TaylJJ01
141,Tyrod Taylor,32,HOU,QB,6,6,19,151,3,6,52.6,30,7.9,25.2,3.2,3,,TaylTy00
142,Godwin Igwebuike,27,DET,RB,17,1,18,118,1,7,61.1,42,6.6,6.9,1.1,2,,IgweGo00
143,Davis Mills,23,HOU,QB,13,11,18,44,0,5,38.9,11,2.4,3.4,1.4,5,,MillDa02
144,Rondale Moore,21,ARI,WR,14,7,18,76,0,2,50.0,26,4.2,5.4,1.3,3,,MoorRo02
145,Chris Evans,24,CIN,RB,14,1,17,77,0,3,41.2,13,4.5,5.5,1.2,0,,EvanCh02
146,Jared Goff,27,DET,QB,14,14,17,87,0,4,29.4,26,5.1,6.2,1.2,9,,GoffJa00
147,Jonathan Williams,27,WAS,RB,5,0,17,79,1,7,64.7,23,4.6,15.8,3.4,0,,WillJo07
148,Andy Dalton,34,CHI,QB,8,6,16,76,0,2,50.0,14,4.8,9.5,2.0,1,,DaltAn00
149,Jamycal Hasty,25,SFO,RB,11,0,16,68,1,6,43.8,21,4.3,6.2,1.5,2,,HastJa02
150,Ryquell Armstead,25,JAX,RB,2,0,15,80,0,3,60.0,26,5.3,40.0,7.5,0,,ArmsRy00
151,Jermar Jefferson,21,DET,RB,7,0,15,74,2,4,53.3,28,4.9,10.6,2.1,0,,JeffJe00
152,Ty Montgomery,28,NOR,WR,14,3,15,44,0,2,33.3,9,2.9,3.1,1.1,0,,MontTy01
153,Trayveon Williams,24,CIN,RB,5,0,15,51,0,4,53.3,10,3.4,10.2,3.0,0,,WillTr06
154,Chase Claypool,23,PIT,WR,15,13,14,96,0,7,71.4,25,6.9,6.4,0.9,0,,ClayCh01
155,Jason Huntley,23,PHI,RB,1,0,13,51,0,2,30.8,18,3.9,51.0,13.0,0,,HuntJa01
156,Deon Jackson,22,IND,RB,9,0,13,31,1,2,30.8,10,2.4,3.4,1.4,0,,JackDe02
157,Marcus Mariota,28,LVR,QB,10,0,13,87,1,6,76.9,31,6.7,8.7,1.3,1,,MariMa01
158,Kene Nwangwu,23,MIN,RB,11,0,13,61,0,3,30.8,19,4.7,5.5,1.2,0,,NwanKe00
159,Mitchell Trubisky,27,BUF,QB,6,0,13,24,1,3,23.1,22,1.8,4.0,2.2,0,,TrubMi00
160,Kalen Ballage,26,PIT,RB,17,0,12,36,0,2,41.7,13,3.0,2.1,0.7,0,,BallKa00
161,Kendrick Bourne,26,NWE,WR,17,5,12,125,0,7,83.3,18,10.4,7.4,0.7,1,,BourKe00
162,Case Keenum,33,CLE,QB,7,2,12,22,0,6,50.0,10,1.8,3.1,1.7,1,,KeenCa00
163,Jordan Love,23,GNB,QB,6,1,12,27,0,1,25.0,10,2.3,4.5,2.0,3,,LoveJo03
164,Jerick McKinnon,29,KAN,RB,13,0,12,62,0,2,58.3,18,5.2,4.8,0.9,0,,McKiJe00
165,Brian Hoyer,36,NWE,QB,5,0,11,-8,0,1,9.1,2,-0.7,-1.6,2.2,0,,HoyeBr00
166,Laviska Shenault Jr.,23,JAX,WR,16,10,11,41,0,2,45.5,11,3.7,2.6,0.7,1,,ShenLa00
167,DeAndre Carter,28,WAS,WR,17,6,10,89,0,4,80.0,27,8.9,5.2,0.6,3,,CartDe02
168,Kylin Hill,23,GNB,RB,8,0,10,24,0,1,20.0,8,2.4,3.0,1.3,0,,HillKy00
169,Drew Lock,25,DEN,QB,6,3,10,53,2,5,50.0,23,5.3,8.8,1.7,2,,LockDr00
170,Jalen Reagor,22,PHI,WR,17,13,10,32,0,3,40.0,12,3.2,1.9,0.6,2,,ReagJa00
171,James White,29,NWE,RB,3,0,10,38,1,4,60.0,10,3.8,12.7,3.3,0,,WhitJa02
172,Blaine Gabbert,32,TAM,QB,6,0,9,-7,0,0,0.0,,-0.8,-1.2,1.5,0,,GabbBl00
173,Tyreek Hill,27,KAN,WR,17,16,9,96,0,4,66.7,33,10.7,5.6,0.5,2,PB,HillTy00
174,CeeDee Lamb,22,DAL,WR,16,13,9,76,0,4,66.7,33,8.4,4.8,0.6,0,PB,LambCe00
175,Isaiah McKenzie,26,BUF,WR,15,2,9,47,1,4,55.6,10,5.2,3.1,0.6,2,,McKeIs00
176,Gardner Minshew II,25,PHI,QB,4,2,9,21,0,2,55.6,9,2.3,5.3,2.3,1,,MinsGa00
177,Jalen Richard,28,LVR,RB,10,0,9,40,0,3,44.4,23,4.4,4.0,0.9,0,,RichJa01
178,Cooper Rush,28,DAL,QB,5,1,9,-8,0,0,0.0,2,-0.9,-1.6,1.8,1,,RushCo00
179,Trevor Siemian,30,NOR,QB,6,4,9,20,1,2,22.2,17,2.2,3.3,1.5,3,,SiemTr00
180,Geno Smith,31,SEA,QB,4,3,9,42,1,3,77.8,12,4.7,10.5,2.3,1,,SmitGe00
181,Jonnu Smith,26,NWE,TE,16,11,9,40,0,2,44.4,9,4.4,2.5,0.6,1,,SmitJo01
182,Keith Smith,29,ATL,FB,17,8,9,31,0,3,55.6,8,3.4,1.8,0.5,0,,SmitKe03
183,Jonathan Ward,24,ARI,RB,13,0,9,33,0,3,44.4,7,3.7,2.5,0.7,0,,WardJo00
184,Josh Johnson,35,2TM,QB,4,1,9,28,0,1,33.3,11,3.1,7.0,2.3,2,,JohnJo05
184,Josh Johnson,35,NYJ,QB,3,0,4,18,0,1,50.0,11,4.5,6.0,1.3,0,,JohnJo05
184,Josh Johnson,35,BAL,QB,1,1,5,10,0,0,20.0,7,2.0,10.0,5.0,2,,JohnJo05
185,Giovani Bernard,30,TAM,RB,12,0,8,58,0,3,62.5,24,7.3,4.8,0.7,1,,BernGi00
186,Michael Burton,29,KAN,RB,16,0,8,26,1,8,100.0,7,3.3,1.6,0.5,0,,BurtMi00
187,Jake Fromm,23,NYG,QB,3,2,8,65,0,4,62.5,27,8.1,21.7,2.7,2,,FromJa00
188,Mecole Hardman,23,KAN,WR,17,8,8,46,0,2,25.0,24,5.8,2.7,0.5,3,,HardMe00
189,Chad Henne,36,KAN,QB,4,0,8,0,0,0,12.5,,0.0,0.0,2.0,2,,HennCh01
190,Kyle Juszczyk,30,SFO,FB,17,16,8,22,1,3,50.0,6,2.8,1.3,0.5,0,PB,JuszKy00
191,D.J. Moore,24,CAR,WR,17,17,8,48,0,4,75.0,14,6.0,2.8,0.5,1,,MoorD.00
192,La'Mical Perine,23,NYJ,RB,4,0,8,31,0,1,25.0,14,3.9,7.8,2.0,0,,PeriLa00
193,Robert Woods,29,LAR,WR,9,9,8,46,1,1,50.0,16,5.8,5.1,0.9,0,,WoodRo02
194,Jamal Agnew,26,JAX,WR,10,2,7,111,1,3,85.7,66,15.9,11.1,0.7,1,,AgneJa00
195,Brandon Allen,29,CIN,QB,6,1,7,-1,0,1,14.3,3,-0.1,-0.2,1.2,1,,AlleBr00
196,Braxton Berrios,26,NYJ,WR,16,1,7,40,2,3,85.7,11,5.7,2.5,0.4,1,AP-1,BerrBr00
197,Ja'Marr Chase,21,CIN,WR,17,17,7,21,0,2,42.9,10,3.0,1.2,0.4,2,PBAP-2AP ORoY-1,ChasJa00
198,Devin Duvernay,24,BAL,WR,16,7,7,50,0,4,42.9,19,7.1,3.1,0.4,1,PBAP-1,DuveDe00
199,Demetric Felton,23,CLE,WR,16,2,7,24,0,0,28.6,12,3.4,1.5,0.4,4,,FeltDe00
200,Mike Glennon,32,NYG,QB,6,4,7,33,1,2,57.1,13,4.7,5.5,1.2,6,,GlenMi00
201,Jalen Guyton,24,LAC,WR,16,2,7,34,0,2,28.6,21,4.9,2.1,0.4,1,,GuytJa01
202,C.J. Ham,28,MIN,FB,17,8,7,34,0,3,42.9,30,4.9,2.0,0.4,0,,HamxC.00
203,Amon-Ra St. Brown,22,DET,WR,17,9,7,61,1,2,42.9,26,8.7,3.6,0.4,0,,StxxAm00
204,P.J. Walker,26,CAR,QB,5,1,7,13,0,2,42.9,13,1.9,2.6,1.4,3,,WalkPh00
205,Justin Jefferson,22,MIN,WR,17,17,6,14,0,1,33.3,11,2.3,0.8,0.4,1,PBAP-2,JeffJu00
206,Jarvis Landry,29,CLE,WR,12,12,6,40,2,4,83.3,16,6.7,3.3,0.5,3,,LandJa00
207,Darnell Mooney,24,CHI,WR,17,14,6,32,1,2,33.3,15,5.3,1.9,0.4,0,,MoonDa00
208,Scottie Phillips,24,HOU,RB,3,0,6,13,0,1,33.3,4,2.2,4.3,2.0,0,,PhilSc01
209,Anthony Schwartz,21,CLE,WR,14,2,6,39,0,4,66.7,17,6.5,2.8,0.4,0,,SchwAn00
210,Logan Woodside,26,TEN,QB,5,0,6,-6,0,0,0.0,-1,-1.0,-1.2,1.2,0,,WoodLo00
211,Brandon Aiyuk,23,SFO,WR,17,16,5,17,0,0,40.0,8,3.4,1.0,0.3,2,,AiyuBr00
212,Cam Akers,22,LAR,RB,1,0,5,3,0,0,0.0,2,0.6,3.0,5.0,0,,AkerCa00
213,Alex Armah,27,NOR,FB,9,2,5,21,0,4,80.0,9,4.2,2.3,0.6,0,,ArmaAl00
214,Jakeem Grant,29,2TM,WR,15,0,5,33,0,2,60.0,13,6.6,2.2,0.3,3,PBAP-2,GranJa00
214,Jakeem Grant,29,MIA,WR,4,0,0,0,0,0,,,,0.0,0.0,2,,GranJa00
214,Jakeem Grant,29,CHI,WR,11,0,5,33,0,2,60.0,13,6.6,3.0,0.5,1,,GranJa00
215,Deonte Harty,24,NOR,WR,13,1,5,41,0,1,60.0,22,8.2,3.2,0.4,2,,HarrDe07
216,Buddy Howell,25,LAR,RB,10,0,5,11,0,0,0.0,4,2.2,1.1,0.5,0,,HoweGr00
217,Diontae Johnson,25,PIT,WR,16,14,5,53,0,2,80.0,25,10.6,3.3,0.3,2,PB,JohnDi01
218,Elijah Moore,21,NYJ,WR,11,6,5,54,1,3,100.0,19,10.8,4.9,0.5,0,,MoorEl00
219,Michael Pittman Jr.,24,IND,WR,17,17,5,44,0,1,40.0,25,8.8,2.6,0.3,1,,PittMi01
220,Mason Rudolph,26,PIT,QB,2,1,5,53,0,3,60.0,26,10.6,26.5,2.5,1,,RudoMa00
221,Jaylen Samuels,25,HOU,RB,3,0,5,9,0,0,0.0,3,1.8,3.0,1.7,0,,SamuJa00
222,Wendell Smallwood,27,WAS,RB,3,0,5,25,0,2,60.0,13,5.0,8.3,1.7,0,,SmalWe00
223,Freddie Swain,23,SEA,WR,17,8,5,32,0,2,60.0,11,6.4,1.9,0.3,1,,SwaiFr00
224,Mike White,26,NYJ,QB,4,3,5,-1,0,2,40.0,2,-0.2,-0.3,1.3,0,,WhitMi01
225,Mekhi Sargent,24,3TM,RB,7,0,5,11,0,1,20.0,3,2.2,1.6,0.7,0,,SargMe00
225,Mekhi Sargent,24,TEN,RB,3,0,2,4,0,1,50.0,2,2.0,1.3,0.7,0,,SargMe00
225,Mekhi Sargent,24,LAR,RB,3,0,2,5,0,0,0.0,3,2.5,1.7,0.7,0,,SargMe00
225,Mekhi Sargent,24,JAX,RB,1,0,1,2,0,0,0.0,2,2.0,2.0,1.0,0,,SargMe00
226,Kenjon Barner,32,TAM,RB,3,0,4,0,0,0,0.0,,0.0,0.0,1.3,0,,BarnKe00
227,Blake Bell,30,KAN,TE,16,5,4,10,0,4,100.0,3,2.5,0.6,0.3,0,,BellBl00
228,Mike Boone,26,DEN,RB,8,0,4,35,0,2,50.0,16,8.8,4.4,0.5,0,,BoonMi00
229,D'Wayne Eskridge,24,SEA,WR,10,0,4,59,0,2,100.0,30,14.8,5.9,0.4,0,,EskrDW00
230,Nick Foles,32,CHI,QB,1,1,4,8,0,1,50.0,8,2.0,8.0,4.0,1,,FoleNi00
231,Chris Godwin,25,TAM,WR,14,14,4,21,1,4,100.0,9,5.3,1.5,0.3,2,,GodwCh00
232,JaQuan Hardy,24,DAL,RB,3,0,4,29,1,1,50.0,22,7.3,9.7,1.3,0,,HardJa01
233,Cooper Kupp,28,LAR,WR,17,17,4,18,0,1,50.0,18,4.5,1.1,0.2,0,PBAP-1AP MVP-3AP OPoY-1,KuppCo00
234,Kalif Raymond,27,DET,WR,16,14,4,28,0,2,75.0,13,7.0,1.8,0.3,0,,RaymKa00
235,Curtis Samuel,25,WAS,WR,5,1,4,11,0,0,50.0,8,2.8,2.2,0.8,0,,SamuCu00
236,Dwayne Washington,27,NOR,RB,14,0,4,16,0,0,50.0,5,4.0,1.1,0.3,0,,WashDw00
237,Albert Wilson,29,MIA,WR,14,5,4,17,0,1,50.0,14,4.3,1.2,0.3,0,,WilsAl02
238,Nelson Agholor,28,NWE,WR,15,13,3,11,0,0,33.3,6,3.7,0.7,0.2,0,,AghoNe00
239,Tavon Austin,31,JAX,WR,13,3,3,21,0,1,100.0,8,7.0,1.6,0.2,1,,AustTa00
240,Khari Blasingame,25,TEN,RB,11,3,3,6,0,1,33.3,3,2.0,0.5,0.3,1,,BlasKh00
241,Ian Book,23,NOR,QB,1,1,3,6,0,1,33.3,3,2.0,6.0,3.0,0,,BookIa00
242,Jason Cabinda,25,DET,LB,14,4,3,23,0,2,66.7,21,7.7,1.6,0.2,0,,CabiJa00
243,Robbie Chosen,28,CAR,WR,17,16,3,36,0,1,66.7,30,12.0,2.1,0.2,0,,AndeRo04
244,Damarea Crockett,24,DEN,RB,12,0,3,7,0,0,33.3,6,2.3,0.6,0.3,0,,CrocDa01
245,Ashton Dulin,24,IND,WR,17,1,3,32,0,1,33.3,37,10.7,1.9,0.2,0,AP-2,DuliAs00
246,Sam Ehlinger,23,IND,QB,3,0,3,9,0,1,66.7,9,3.0,3.0,1.0,0,,EhliSa00
247,Gerald Everett,27,SEA,TE,15,12,3,20,0,2,66.7,13,6.7,1.3,0.2,2,,EverGe00
248,Feleipe Franks,24,ATL,QB,9,0,3,6,0,0,0.0,4,2.0,0.7,0.3,0,,FranFe00
249,Reggie Gilliam,24,BUF,FB,16,5,3,3,0,0,0.0,2,1.0,0.2,0.2,0,,GillRe00
250,George Kittle,28,SFO,TE,14,14,3,20,0,0,100.0,9,6.7,1.4,0.2,2,PB,KittGe00
251,Allen Lazard,26,GNB,WR,15,13,3,32,0,2,100.0,14,10.7,2.1,0.2,0,,LazaAl00
252,Anthony McFarland Jr.,23,PIT,RB,2,0,3,3,0,0,0.0,3,1.0,1.5,1.5,0,,McFaAn00
253,Gabe Nabers,24,LAC,FB,10,1,3,8,0,1,66.7,4,2.7,0.8,0.3,0,,NabeGa00
254,Adam Prentice,24,NOR,FB,7,3,3,5,0,2,66.7,2,1.7,0.7,0.4,0,,PrenAd00
255,Hunter Renfrow,26,LVR,WR,17,9,3,3,0,0,33.3,5,1.0,0.2,0.2,5,PB,RenfHu00
256,Andre Roberts,33,2TM,WR,16,0,3,19,0,0,100.0,9,6.3,1.2,0.2,3,AP-2,RobeAn00
256,Andre Roberts,33,HOU,WR,6,0,0,0,0,0,,,,0.0,0.0,2,,RobeAn00
256,Andre Roberts,33,LAC,WR,10,0,3,19,0,0,100.0,9,6.3,1.9,0.3,1,,RobeAn00
257,Henry Ruggs III,22,LVR,WR,7,7,3,16,0,0,100.0,7,5.3,2.3,0.4,0,,RuggHe00
258,JuJu Smith-Schuster,25,PIT,WR,5,5,3,9,1,1,33.3,3,3.0,1.8,0.6,0,,SmitJu00
259,Equanimeous St. Brown,25,GNB,WR,13,2,3,14,0,2,66.7,13,4.7,1.1,0.2,0,,St.BEq00
260,Johnny Stanton,27,CLE,RB,4,0,3,5,0,2,66.7,3,1.7,1.3,0.8,0,,StanJo02
261,Chris Streveler,26,ARI,QB,2,0,3,6,0,0,0.0,4,2.0,3.0,1.5,1,,StreCh00
262,Kadarius Toney,22,NYG,WR,10,4,3,6,0,0,0.0,7,2.0,0.6,0.3,0,,ToneKa00
263,Tommy Tremble,21,CAR,TE,16,11,3,11,1,1,66.7,7,3.7,0.7,0.2,0,,TremTo00
264,Trenton Cannon,27,2TM,RB,12,0,3,4,0,0,33.3,3,1.3,0.3,0.3,1,,CannTr00
264,Trenton Cannon,27,BAL,RB,1,0,2,5,0,0,50.0,3,2.5,5.0,2.0,0,,CannTr00
264,Trenton Cannon,27,SFO,RB,11,0,1,-1,0,0,0.0,-1,-1.0,-0.1,0.1,1,,CannTr00
265,Kyle Allen,25,WAS,QB,2,0,2,11,0,1,50.0,11,5.5,5.5,1.0,1,,AlleKy00
266,Cameron Batson,26,TEN,WR,4,0,2,15,0,1,100.0,11,7.5,3.8,0.5,0,,BatsCa00
267,Odell Beckham Jr.,29,2TM,WR,14,13,2,14,0,1,50.0,10,7.0,1.0,0.1,0,,BeckOd00
267,Odell Beckham Jr.,29,CLE,WR,6,6,2,14,0,1,50.0,10,7.0,2.3,0.3,0,,BeckOd00
267,Odell Beckham Jr.,29,LAR,WR,8,7,0,0,0,0,,,,0.0,0.0,0,,BeckOd00
268,Kurt Benkert,26,GNB,QB,1,0,2,-1,0,0,0.0,,-0.5,-1.0,2.0,0,,BenkKu01
269,Tyler Boyd,27,CIN,WR,16,10,2,22,0,1,100.0,14,11.0,1.4,0.1,1,,BoydTy00
270,Tim Boyle,27,DET,QB,5,3,2,13,0,1,50.0,14,6.5,2.6,0.4,1,,BoylTi00
271,A.J. Brown,24,TEN,WR,13,13,2,10,0,1,50.0,7,5.0,0.8,0.2,0,,BrowAJ00
272,Brandin Cooks,28,HOU,WR,16,16,2,21,0,1,100.0,16,10.5,1.3,0.1,0,,CookBr00
273,Chase Daniel,35,LAC,QB,1,0,2,-2,0,0,0.0,-1,-1.0,-2.0,2.0,0,,DaniCh00
274,Darrynton Evans,23,TEN,RB,1,0,2,7,0,0,0.0,5,3.5,7.0,2.0,0,,EvanDa02
275,Joe Flacco,36,NYJ,QB,2,1,2,3,0,1,50.0,2,1.5,1.5,1.0,1,,FlacJo00
276,Jake Funk,23,LAR,RB,10,0,2,5,0,0,50.0,6,2.5,0.5,0.2,0,,FunkJa00
277,Marquise Goodwin,31,CHI,WR,14,2,2,-1,0,0,0.0,1,-0.5,-0.1,0.1,1,,GoodMa00
278,Alec Ingold,25,LVR,FB,9,3,2,1,0,1,50.0,1,0.5,0.1,0.2,0,,IngoAl01
279,Andy Janovich,28,CLE,RB,13,3,2,0,1,1,50.0,,0.0,0.0,0.2,0,,JanoAn00
280,Van Jefferson,25,LAR,WR,17,17,2,20,0,1,100.0,10,10.0,1.2,0.1,0,,JeffVa00
281,Jerry Jeudy,22,DEN,WR,10,5,2,3,0,0,0.0,3,1.5,0.3,0.2,1,,JeudJe00
282,Marcus Johnson,27,TEN,WR,7,3,2,-2,0,1,50.0,5,-1.0,-0.3,0.3,0,,JohnMa07
283,Zay Jones,26,LVR,WR,17,9,2,3,0,0,50.0,4,1.5,0.2,0.1,1,,JoneZa00
284,Travis Kelce,32,KAN,TE,16,16,2,3,1,1,50.0,4,1.5,0.2,0.1,1,PBAP-2,KelcTr00
285,John Kelly,25,CLE,RB,4,0,2,13,0,1,50.0,11,6.5,3.3,0.5,0,,KellJo00
286,Dallin Leavitt,27,LVR,DB,16,1,2,6,0,2,100.0,4,3.0,0.4,0.1,0,,LeavDa00
287,Tyler Lockett,29,SEA,WR,16,16,2,9,0,0,50.0,7,4.5,0.6,0.1,0,,LockTy00
288,Sean Mannion,29,MIN,QB,1,1,2,14,0,2,100.0,11,7.0,14.0,2.0,0,,MannSe00
289,Ray-Ray McCloud,25,PIT,WR,16,5,2,15,0,0,100.0,10,7.5,0.9,0.1,4,,McClRa00
290,Scott Miller,24,TAM,WR,9,0,2,43,1,2,100.0,33,21.5,4.8,0.2,0,,MillSc01
291,Raheem Mostert,29,SFO,RB,1,1,2,20,0,1,100.0,11,10.0,20.0,2.0,0,,MostRa00
292,Zach Pascal,27,IND,WR,16,13,2,21,0,0,100.0,12,10.5,1.3,0.1,1,,PascZa00
293,Jacques Patrick,24,SFO,RB,2,0,2,12,0,1,100.0,8,6.0,6.0,1.0,0,,PatrJa01
294,Nathan Peterman,27,LVR,QB,1,0,2,2,0,1,50.0,1,1.0,2.0,2.0,0,,PeteNa00
295,Patrick Ricard,27,BAL,FB,13,11,2,4,0,2,100.0,2,2.0,0.3,0.2,0,PB,RicaPa00
296,Emmanuel Sanders,34,BUF,WR,14,13,2,31,0,2,100.0,24,15.5,2.2,0.1,0,,SandEm00
297,Durham Smythe,26,MIA,TE,17,12,2,3,0,2,100.0,2,1.5,0.2,0.1,0,,SmytDu00
298,Jaylen Waddle,23,MIA,WR,16,16,2,3,1,1,50.0,2,1.5,0.2,0.1,2,,WaddJa00
299,James Washington,25,PIT,WR,15,2,2,13,0,0,50.0,12,6.5,0.9,0.1,0,,WashJa00
300,Davis Webb,26,BUF,QB,1,0,2,-3,0,0,0.0,-1,-1.5,-3.0,2.0,0,,WebbDa00
301,Cedrick Wilson Jr.,26,DAL,WR,16,4,2,11,0,1,50.0,6,5.5,0.7,0.1,3,,WilsCe01
302,John Wolford,26,LAR,QB,3,0,2,-1,0,0,0.0,,-0.5,-0.3,0.7,0,,WolfJo00
303,Jordan Akins,29,HOU,TE,13,3,1,3,0,1,100.0,3,3.0,0.2,0.1,2,,AkinJo00
304,Mark Andrews,26,BAL,TE,17,9,1,0,0,0,0.0,,0.0,0.0,0.1,1,PBAP-1,AndrMa00
305,Alex Bachman,25,NYG,WR,3,0,1,-3,0,0,0.0,-3,-3.0,-1.0,0.3,0,,BachAl00
306,C.J. Beathard,28,JAX,QB,2,0,1,2,0,0,0.0,2,2.0,1.0,0.5,0,,BeatC.00
307,David Blough,26,DET,QB,1,0,1,6,0,0,100.0,6,6.0,6.0,1.0,1,,BlouDa00
308,C.J. Board,28,NYG,WR,6,1,1,6,0,0,100.0,6,6.0,1.0,0.2,0,,BoarC.00
309,Reggie Bonnafon,25,CAR,RB,4,0,1,4,0,0,100.0,4,4.0,1.0,0.3,0,,BonnRe00
310,Gary Brightwell,22,NYG,RB,13,0,1,4,0,0,100.0,4,4.0,0.3,0.1,0,,BrigGa00
311,Antonio Brown,33,TAM,WR,7,3,1,6,0,0,100.0,6,6.0,0.9,0.1,0,,BrowAn04
312,Dyami Brown,22,WAS,WR,15,6,1,-4,0,0,0.0,-4,-4.0,-0.3,0.1,0,,BrowDy00
313,Marquise Brown,24,BAL,WR,16,16,1,5,0,1,100.0,5,5.0,0.3,0.1,3,,BrowMa04
314,Sean Chandler,25,CAR,SS,15,7,1,14,0,1,100.0,14,14.0,0.9,0.1,0,,ChanSe00
315,Randall Cobb,31,GNB,WR,12,3,1,1,0,0,0.0,1,1.0,0.1,0.1,1,,CobbRa00
316,Chris Conley,29,HOU,WR,16,10,1,3,0,1,100.0,3,3.0,0.2,0.1,1,,ConlCh00
317,Pharoh Cooper,26,NYG,WR,8,0,1,3,0,0,0.0,3,3.0,0.4,0.1,0,,CoopPh00
318,Nathan Cottrell,25,JAX,RB,4,0,1,3,0,0,0.0,3,3.0,0.8,0.3,0,,CottNa00
319,Jaelon Darden,22,TAM,WR,9,0,1,11,0,1,100.0,11,11.0,1.2,0.1,0,,DardJa00
320,Phillip Dorsett,28,3TM,WR,6,0,1,0,0,0,0.0,,0.0,0.0,0.2,0,,DorsPh00
320,Phillip Dorsett,28,JAX,WR,1,0,0,0,0,0,,,,0.0,0.0,0,,DorsPh00
320,Phillip Dorsett,28,SEA,WR,2,0,0,0,0,0,,,,0.0,0.0,0,,DorsPh00
320,Phillip Dorsett,28,HOU,WR,3,0,1,0,0,0,0.0,,0.0,0.0,0.3,0,,DorsPh00
321,Greg Dortch,23,ARI,WR,5,2,1,24,0,1,100.0,24,24.0,4.8,0.2,0,,DortGr01
322,Eric Ebron,28,PIT,TE,8,3,1,1,1,1,100.0,1,1.0,0.1,0.1,0,,EbroEr00
323,Bryan Edwards,23,LVR,WR,16,12,1,0,0,0,0.0,,0.0,0.0,0.1,1,,EdwaBr01
324,Evan Engram,27,NYG,TE,15,12,1,-3,0,0,0.0,-3,-3.0,-0.2,0.1,1,,EngrEv00
325,Zach Ertz,31,2TM,TE,17,14,1,4,0,0,100.0,4,4.0,0.2,0.1,0,,ErtzZa00
325,Zach Ertz,31,PHI,TE,6,3,0,0,0,0,,,,0.0,0.0,0,,ErtzZa00
325,Zach Ertz,31,ARI,TE,11,11,1,4,0,0,100.0,4,4.0,0.4,0.1,0,,ErtzZa00
326,Mike Evans,28,TAM,WR,16,16,1,10,0,1,100.0,10,10.0,0.6,0.1,0,PB,EvanMi00
327,Clayton Fejedelem,28,MIA,DB,17,0,1,0,0,0,0.0,,0.0,0.0,0.1,1,,FejeCl00
328,Maurice Ffrench,23,LAC,WR,3,0,1,3,0,0,0.0,3,3.0,1.0,0.3,0,,FfreMa00
329,Ryan Fitzpatrick,39,WAS,QB,1,1,1,2,0,0,0.0,2,2.0,2.0,1.0,1,,FitzRy00
330,Jamie Gillan,24,CLE,P,12,0,1,0,0,0,0.0,,0.0,0.0,0.1,1,,GillJa00
331,Cyril Grayson,28,TAM,WR,5,3,1,14,0,1,100.0,14,14.0,2.8,0.2,0,,GrayCy01
332,Johnny Hekker,31,LAR,P,17,0,1,0,0,0,0.0,,0.0,0.0,0.1,1,,HekkJo00
333,DeSean Jackson,35,2TM,WR,16,4,1,4,0,0,100.0,4,4.0,0.3,0.1,1,,JackDe00
333,DeSean Jackson,35,LAR,WR,7,0,0,0,0,0,,,,0.0,0.0,0,,JackDe00
333,DeSean Jackson,35,LVR,WR,9,4,1,4,0,0,100.0,4,4.0,0.4,0.1,1,,JackDe00
334,Christian Kirk,25,ARI,WR,17,11,1,11,0,1,100.0,11,11.0,0.6,0.1,0,,KirkCh01
335,Cole Kmet,22,CHI,TE,17,17,1,0,0,0,0.0,,0.0,0.0,0.1,0,,KmetCo00
336,Patrick Laird,26,MIA,RB,6,0,1,4,0,0,100.0,4,4.0,0.7,0.2,0,,LairPa00
337,Andy Lee,39,ARI,P,16,0,1,0,0,0,0.0,,0.0,0.0,0.1,3,,LeexAn20
338,Braden Mann,24,NYJ,P,10,0,1,4,0,0,0.0,4,4.0,0.4,0.1,0,,MannBr01
339,Nate McCrary,22,BAL,RB,1,0,1,-1,0,0,0.0,-1,-1.0,-1.0,1.0,0,,McCrNa00
340,Terry McLaurin,26,WAS,WR,17,17,1,12,0,1,100.0,12,12.0,0.7,0.1,0,,McLaTe00
341,D.K. Metcalf,24,SEA,WR,17,17,1,6,0,0,100.0,6,6.0,0.4,0.1,1,,MetcDK00
342,Jakobi Meyers,25,NWE,WR,17,16,1,9,0,0,100.0,9,9.0,0.5,0.1,1,,MeyeJa01
343,Dax Milne,22,WAS,WR,13,1,1,1,0,0,0.0,1,1.0,0.1,0.1,1,,MilnDa00
344,C.J. Moore,26,DET,DB,17,1,1,28,0,1,100.0,28,28.0,1.6,0.1,0,,MoorCJ01
345,Stanley Morgan Jr.,25,CIN,WR,17,1,1,3,0,0,100.0,3,3.0,0.2,0.1,0,,MorgSt02
346,Ryan Nall,26,CHI,RB,9,0,1,4,0,0,100.0,4,4.0,0.4,0.1,0,,NallRy00
347,David Njoku,25,CLE,TE,16,11,1,1,0,0,0.0,1,1.0,0.1,0.1,0,,NjokDa00
348,Gunner Olszewski,25,NWE,WR,16,0,1,9,0,0,100.0,9,9.0,0.6,0.1,3,,OlszGu00
349,K.J. Osborn,24,MIN,WR,17,9,1,10,0,1,100.0,10,10.0,0.6,0.1,0,,OsboKJ00
350,Devine Ozigbo,25,NOR,RB,2,0,1,-3,0,0,0.0,-3,-3.0,-1.5,0.5,0,,OzigDe01
351,Michael Palardy,29,MIA,P,17,0,1,1,0,0,0.0,1,1.0,0.1,0.1,0,,PalaMi00
352,Josh Palmer,22,LAC,WR,17,5,1,6,0,0,100.0,6,6.0,0.4,0.1,0,,PalmJo00
353,Breshad Perriman,28,TAM,WR,6,0,1,-3,0,0,0.0,-3,-3.0,-0.5,0.2,0,,PerrBr02
354,Trey Ragas,25,LVR,RB,1,0,1,9,0,1,100.0,9,9.0,9.0,1.0,0,,RagaTr00
355,Amari Rodgers,22,GNB,WR,16,1,1,11,0,1,100.0,11,11.0,0.7,0.1,2,,RodgAm00
356,Chester Rogers,27,TEN,WR,16,2,1,9,0,0,100.0,9,9.0,0.6,0.1,4,,RogeCh02
357,John Ross,26,NYG,WR,10,1,1,16,0,1,100.0,16,16.0,1.6,0.1,1,,RossJo00
358,Sterling Shepard,28,NYG,WR,7,6,1,-9,0,0,0.0,-9,-9.0,-1.3,0.1,0,,ShepSt00
359,Cam Sims,25,WAS,WR,14,3,1,7,0,0,100.0,7,7.0,0.5,0.1,0,,SimsCa00
360,Darius Slayton,24,NYG,WR,13,5,1,-13,0,0,0.0,-13,-13.0,-1.0,0.1,1,,SlayDa01
361,Ito Smith,26,DAL,RB,1,0,1,4,1,1,100.0,4,4.0,4.0,1.0,0,,SmitIt00
362,Jeff Smith,24,NYJ,WR,12,3,1,-1,0,0,0.0,-1,-1.0,-0.1,0.1,0,,SmitJe03
363,Shi Smith,23,CAR,WR,6,0,1,-3,0,0,0.0,-3,-3.0,-0.5,0.2,0,,SmitSh03
364,Tremon Smith,25,HOU,DB,17,2,1,7,0,0,100.0,7,7.0,0.4,0.1,0,,SmitTr04
365,Kenny Stills,29,NOR,WR,13,4,1,1,0,0,0.0,1,1.0,0.1,0.1,0,,StilKe00
366,Adam Thielen,31,MIN,WR,13,13,1,2,0,0,0.0,2,2.0,0.2,0.1,1,,ThieAd00
367,Quez Watkins,23,PHI,WR,17,12,1,3,0,0,0.0,3,3.0,0.2,0.1,0,,WatkQu00
368,Derek Watt,29,PIT,FB,17,4,1,1,0,1,100.0,1,1.0,0.1,0.1,0,,WattDe00
369,Preston Williams,24,MIA,WR,8,3,1,7,0,0,100.0,7,7.0,0.9,0.1,0,,WillPr01
370,Andrew Wingard,25,JAX,SS,15,15,1,4,0,1,100.0,4,4.0,0.3,0.1,0,,WingAn01
371,Olamide Zaccheaus,24,ATL,WR,17,8,1,2,0,1,100.0,2,2.0,0.1,0.1,0,,ZaccOl01
372,Davante Adams,29,GNB,WR,16,16,0,0,0,0,,,,0.0,0.0,0,PBAP-1,AdamDa01
373,Rodney Adams,27,CHI,WR,1,0,0,0,0,0,,,,0.0,0.0,0,,AdamRo01
374,Mo Alie-Cox,28,IND,TE,17,7,0,0,0,0,,,,0.0,0.0,1,,AlieMo00
375,Keenan Allen,29,LAC,WR,16,16,0,0,0,0,,,,0.0,0.0,1,PB,AlleKe00
376,Geronimo Allison,27,DET,WR,3,1,0,0,0,0,,,,0.0,0.0,0,,AlliGe01
377,Danny Amendola,36,HOU,WR,8,0,0,0,0,0,,,,0.0,0.0,1,,AmenDa00
378,Stephen Anderson,28,LAC,TE,17,4,0,0,0,0,,,,0.0,0.0,0,,AndeSt01
379,JJ Arcega-Whiteside,25,PHI,WR,16,2,0,0,0,0,,,,0.0,0.0,0,,ArceJJ00
380,Dan Arnold,26,2TM,WR,11,4,0,0,0,0,,,,0.0,0.0,1,,ArnoDa00
380,Dan Arnold,26,CAR,WR,3,1,0,0,0,0,,,,0.0,0.0,0,,ArnoDa00
380,Dan Arnold,26,JAX,WR,8,3,0,0,0,0,,,,0.0,0.0,1,,ArnoDa00
381,Antony Auclair,28,HOU,TE,16,13,0,0,0,0,,,,0.0,0.0,0,,AuclAn00
382,Rashod Bateman,22,BAL,WR,12,4,0,0,0,0,,,,0.0,0.0,0,,BateRa00
383,John Bates,24,WAS,TE,17,8,0,0,0,0,,,,0.0,0.0,1,,BateJo00
384,Nick Bawden,25,NYJ,RB,9,1,0,0,0,0,,,,0.0,0.0,0,,BawdNi00
385,Cole Beasley,32,BUF,WR,16,8,0,0,0,0,,,,0.0,0.0,1,,BeasCo00
386,Nick Bellore,32,SEA,LB,17,0,0,0,0,0,,,,0.0,0.0,0,,BellNi01
387,Travis Benjamin,32,SFO,WR,10,0,0,0,0,0,,,,0.0,0.0,1,,BenjTr00
388,Trinity Benson,24,DET,WR,8,2,0,0,0,0,,,,0.0,0.0,0,,BensTr00
389,Tarik Black,23,NYJ,WR,1,0,0,0,0,0,,,,0.0,0.0,0,,BlacTa00
390,Christian Blake,25,ATL,WR,16,0,0,0,0,0,,,,0.0,0.0,0,,BlakCh00
391,Kendall Blanton,26,LAR,TE,11,2,0,0,0,0,,,,0.0,0.0,1,,BlanKe01
392,Miles Boykin,25,BAL,WR,8,0,0,0,0,0,,,,0.0,0.0,0,,BoykMi00
393,Nick Boyle,28,BAL,TE,5,3,0,0,0,0,,,,0.0,0.0,0,,BoylNi00
394,Garrett Bradbury,26,MIN,C,13,13,0,0,0,0,,,,0.0,0.0,0,,BradGa00
395,Ja'Marcus Bradley,25,CLE,WR,5,0,0,0,0,0,,,,0.0,0.0,0,,BradJa01
396,Darius Bradwell,24,LAC,FB,2,0,0,0,0,0,,,,0.0,0.0,0,,BradDa00
397,Cameron Brate,30,TAM,TE,17,3,0,0,0,0,,,,0.0,0.0,0,,BratCa00
398,Daniel Brown,29,NYJ,WR,12,0,0,0,0,0,,,,0.0,0.0,0,,BrowDa04
399,John Brown,31,2TM,WR,4,0,0,0,0,0,,,,0.0,0.0,0,,BrowJo02
399,John Brown,31,DEN,WR,2,0,0,0,0,0,,,,0.0,0.0,0,,BrowJo02
399,John Brown,31,JAX,WR,2,0,0,0,0,0,,,,0.0,0.0,0,,BrowJo02
400,Noah Brown,25,DAL,WR,13,1,0,0,0,0,,,,0.0,0.0,0,,BrowNo00
401,Pharaoh Brown,27,HOU,TE,15,12,0,0,0,0,,,,0.0,0.0,1,,BrowPh01
402,Harrison Bryant,23,CLE,TE,16,3,0,0,0,0,,,,0.0,0.0,0,,BryaHa00
403,Damiere Byrd,28,CHI,WR,17,4,0,0,0,0,,,,0.0,0.0,1,,ByrdDa00
404,Marquez Callaway,23,NOR,WR,17,11,0,0,0,0,,,,0.0,0.0,0,,CallMa01
405,Parris Campbell,24,IND,WR,6,3,0,0,0,0,,,,0.0,0.0,0,,CampPa00
406,Tevaughn Campbell,28,LAC,RCB,16,7,0,0,0,0,,,,0.0,0.0,0,,CampTe00
407,Derek Carrier,31,LVR,TE,5,1,0,0,0,0,,,,0.0,0.0,0,,CarrDe00
408,Cethan Carter,26,MIA,TE,16,1,0,0,0,0,,,,0.0,0.0,0,,CartCe00
409,Quintez Cephus,23,DET,WR,5,3,0,0,0,0,,,,0.0,0.0,0,,CephQu00
410,DJ Chark,25,JAX,WR,4,4,0,0,0,0,,,,0.0,0.0,0,,CharDJ00
411,Tyrie Cleveland,24,DEN,WR,7,0,0,0,0,0,,,,0.0,0.0,0,,ClevTy00
412,Keelan Cole,28,NYJ,WR,15,11,0,0,0,0,,,,0.0,0.0,0,,ColeKe00
413,Nico Collins,22,HOU,WR,14,8,0,0,0,0,,,,0.0,0.0,0,,CollNi00
414,Tyler Conklin,26,MIN,TE,17,15,0,0,0,0,,,,0.0,0.0,1,,ConkTy00
415,Jared Cook,34,LAC,TE,16,10,0,0,0,0,,,,0.0,0.0,0,,CookJa02
416,Amari Cooper,27,DAL,WR,15,14,0,0,0,0,,,,0.0,0.0,1,,CoopAm00
417,Isaiah Coulter,23,CHI,WR,3,0,0,0,0,0,,,,0.0,0.0,0,,CoulIs00
418,Keke Coutee,24,IND,WR,2,0,0,0,0,0,,,,0.0,0.0,0,,CoutKe00
419,Keion Crossen,25,NYG,DB,16,0,0,0,0,0,,,,0.0,0.0,0,,CrosKe00
420,Jamison Crowder,28,NYJ,WR,12,4,0,0,0,0,,,,0.0,0.0,1,,CrowJa00
421,Dominique Dafney,24,GNB,TE,10,2,0,0,0,0,,,,0.0,0.0,0,,DafnDo00
422,Darrell Daniels,27,ARI,TE,15,4,0,0,0,0,,,,0.0,0.0,0,,DaniDa02
423,Frank Darby,24,ATL,WR,10,0,0,0,0,0,,,,0.0,0.0,0,,DarbFr00
424,Corey Davis,26,NYJ,WR,9,9,0,0,0,0,,,,0.0,0.0,2,,DaviCo03
425,Davion Davis,25,HOU,WR,2,1,0,0,0,0,,,,0.0,0.0,0,,DaviDa03
426,Gabriel Davis,22,BUF,WR,16,4,0,0,0,0,,,,0.0,0.0,0,,DaviGa01
427,Tyler Davis,24,GNB,TE,14,0,0,0,0,0,,,,0.0,0.0,0,,DaviTy02
428,Dion Dawkins,27,BUF,LT,16,15,0,0,0,0,,,,0.0,0.0,0,PB,DawkDi00
429,Taylor Decker,28,DET,LT,9,9,0,0,0,0,,,,0.0,0.0,0,,DeckTa00
430,Josiah Deguara,24,GNB,TE,16,2,0,0,0,0,,,,0.0,0.0,0,,DeguJo00
431,Stefon Diggs,28,BUF,WR,17,17,0,0,0,0,,,,0.0,0.0,1,PB,DiggSt00
432,Will Dissly,25,SEA,TE,15,14,0,0,0,0,,,,0.0,0.0,1,,DissWi00
433,Jack Doyle,31,IND,TE,17,14,0,0,0,0,,,,0.0,0.0,0,,DoylJa00
434,Ross Dwelley,26,SFO,TE,17,2,0,0,0,0,,,,0.0,0.0,0,,DwelRo00
435,Ben Ellefson,25,MIN,TE,5,0,0,0,0,0,,,,0.0,0.0,0,,ElleBe00
436,Alex Erickson,29,CAR,WR,17,0,0,0,0,0,,,,0.0,0.0,0,,EricAl01
437,Noah Fant,24,DEN,TE,16,16,0,0,0,0,,,,0.0,0.0,0,,FantNo00
438,Luke Farrell,24,JAX,TE,15,4,0,0,0,0,,,,0.0,0.0,1,,FarrLu00
439,Darren Fells,35,DET,TE,7,5,0,0,0,0,,,,0.0,0.0,0,,FellDa01
440,Anthony Firkser,26,TEN,FB,15,1,0,0,0,0,,,,0.0,0.0,2,,FirkAn00
441,Dez Fitzpatrick,24,TEN,WR,4,0,0,0,0,0,,,,0.0,0.0,0,,FitzDe00
442,Isaiah Ford,25,MIA,WR,13,2,0,0,0,0,,,,0.0,0.0,0,,FordIs00
443,Jody Fortson,26,KAN,TE,6,0,0,0,0,0,,,,0.0,0.0,0,,FortJo01
444,Pat Freiermuth,23,PIT,TE,16,9,0,0,0,0,,,,0.0,0.0,1,,FreiPa00
445,Will Fuller,27,MIA,WR,2,0,0,0,0,0,,,,0.0,0.0,0,,FullWi01
446,Russell Gage,25,ATL,WR,14,9,0,0,0,0,,,,0.0,0.0,2,,GageRu00
447,Michael Gallup,25,DAL,WR,9,8,0,0,0,0,,,,0.0,0.0,0,,GallMi00
448,Zach Gentry,25,PIT,TE,17,12,0,0,0,0,,,,0.0,0.0,0,,GentZa00
449,Mike Gesicki,26,MIA,TE,17,9,0,0,0,0,,,,0.0,0.0,0,,GesiMi00
450,Dallas Goedert,26,PHI,TE,15,14,0,0,0,0,,,,0.0,0.0,1,,GoedDa00
451,Kenny Golladay,28,NYG,WR,14,14,0,0,0,0,,,,0.0,0.0,0,,GollKe00
452,Josh Gordon,30,KAN,WR,12,7,0,0,0,0,,,,0.0,0.0,0,,GordJo02
453,Jimmy Graham,35,CHI,TE,15,6,0,0,0,0,,,,0.0,0.0,0,,GrahJi00
454,Kylen Granson,23,IND,TE,17,0,0,0,0,0,,,,0.0,0.0,0,,GranKy00
455,Noah Gray,22,KAN,TE,16,1,0,0,0,0,,,,0.0,0.0,0,,GrayNo00
456,A.J. Green,33,ARI,WR,16,9,0,0,0,0,,,,0.0,0.0,0,,GreeA.00
457,Garrett Griffin,27,NOR,TE,13,6,0,0,0,0,,,,0.0,0.0,1,,GrifGa00
458,Ryan Griffin,31,NYJ,TE,14,12,0,0,0,0,,,,0.0,0.0,1,,GrifRy00
459,Rob Gronkowski,32,TAM,TE,12,12,0,0,0,0,,,,0.0,0.0,0,,GronRo00
460,Marvin Hall,28,ATL,WR,2,0,0,0,0,0,,,,0.0,0.0,0,,HallMa02
461,KJ Hamler,22,DEN,WR,3,2,0,0,0,0,,,,0.0,0.0,0,,HamlKJ00
462,Demetrius Harris,30,ARI,TE,14,4,0,0,0,0,,,,0.0,0.0,0,,HarrDe03
463,N'Keal Harry,24,NWE,WR,12,4,0,0,0,0,,,,0.0,0.0,1,,HarrNK00
464,Penny Hart,25,SEA,WR,17,0,0,0,0,0,,,,0.0,0.0,0,,HartPe01
465,Daniel Helm,26,LVR,TE,9,1,0,0,0,0,,,,0.0,0.0,0,,HelmDa01
466,Hunter Henry,27,NWE,TE,17,10,0,0,0,0,,,,0.0,0.0,0,,HenrHu00
467,Chris Herndon,25,MIN,FB,16,5,0,0,0,0,,,,0.0,0.0,0,,HernCh00
468,Parker Hesse,26,ATL,DE,8,1,0,0,0,0,,,,0.0,0.0,0,,HessPa00
469,Tyler Higbee,28,LAR,TE,15,15,0,0,0,0,,,,0.0,0.0,1,,HigbTy00
470,Rashard Higgins,27,CLE,WR,15,4,0,0,0,0,,,,0.0,0.0,0,,HiggRa00
471,Tee Higgins,22,CIN,WR,14,14,0,0,0,0,,,,0.0,0.0,1,,HiggTe00
472,K.J. Hill,24,LAC,CB,6,0,0,0,0,0,,,,0.0,0.0,0,,HillKJ00
473,T.Y. Hilton,32,IND,WR,10,9,0,0,0,0,,,,0.0,0.0,0,,HiltT.00
474,Kendall Hinton,24,DEN,WR,16,1,0,0,0,0,,,,0.0,0.0,0,,HintKe00
475,T.J. Hockenson,24,DET,TE,12,12,0,0,0,0,,,,0.0,0.0,0,,HockTJ00
476,KhaDarel Hodge,26,DET,WR,16,1,0,0,0,0,,,,0.0,0.0,0,,HodgKh00
477,Chris Hogan,34,NOR,WR,5,1,0,0,0,0,,,,0.0,0.0,0,,HogaCh00
478,Mack Hollins,28,MIA,WR,17,3,0,0,0,0,,,,0.0,0.0,0,,HollMa00
479,Cody Hollister,28,TEN,WR,3,1,0,0,0,0,,,,0.0,0.0,0,,HollCo00
480,Jacob Hollister,28,JAX,TE,7,2,0,0,0,0,,,,0.0,0.0,0,,HollJa03
481,Amani Hooker,23,TEN,FS,12,12,0,0,0,0,,,,0.0,0.0,0,,HookAm00
482,Austin Hooper,27,CLE,TE,16,16,0,0,0,0,,,,0.0,0.0,0,,HoopAu00
483,Brycen Hopkins,24,LAR,TE,5,0,0,0,0,0,,,,0.0,0.0,0,,HopkBr01
484,DeAndre Hopkins,29,ARI,WR,10,10,0,0,0,0,,,,0.0,0.0,0,,HopkDe00
485,Jesper Horsted,24,CHI,WR,7,0,0,0,0,0,,,,0.0,0.0,0,,HorsJe00
486,O.J. Howard,27,TAM,TE,17,9,0,0,0,0,,,,0.0,0.0,0,,HowaO.00
487,Tommy Hudson,24,TEN,TE,5,0,0,0,0,0,,,,0.0,0.0,0,,HudsTo00
488,Lil'Jordan Humphrey,23,NOR,WR,10,4,0,0,0,0,,,,0.0,0.0,0,,HumpLi01
489,Adam Humphries,28,WAS,WR,17,11,0,0,0,0,,,,0.0,0.0,0,,HumpAd00
490,Hayden Hurst,28,ATL,TE,13,5,0,0,0,0,,,,0.0,0.0,3,,HursHa00
491,Trenton Irwin,26,CIN,WR,7,0,0,0,0,0,,,,0.0,0.0,0,,IrwiTr00
492,Andy Isabella,25,ARI,WR,8,0,0,0,0,0,,,,0.0,0.0,0,,IsabAn00
493,Tyree Jackson,24,PHI,TE,9,3,0,0,0,0,,,,0.0,0.0,0,,JackTy01
494,Jesse James,27,CHI,TE,14,9,0,0,0,0,,,,0.0,0.0,0,,JameJe00
495,Blake Jarwin,27,DAL,TE,8,5,0,0,0,0,,,,0.0,0.0,0,,JarwBl00
496,Jauan Jennings,24,SFO,WR,16,1,0,0,0,0,,,,0.0,0.0,1,,JennJa00
497,Collin Johnson,24,NYG,WR,12,1,0,0,0,0,,,,0.0,0.0,0,,JohnCo01
498,Jakob Johnson,27,NWE,FB,17,6,0,0,0,0,,,,0.0,0.0,0,,JohnJa12
499,Juwan Johnson,25,NOR,WR,14,2,0,0,0,0,,,,0.0,0.0,0,,JohnJu02
500,Lane Johnson,31,PHI,RT,13,13,0,0,0,0,,,,0.0,0.0,0,AP-2,JohnLa01
501,Tyler Johnson,23,TAM,WR,17,3,0,0,0,0,,,,0.0,0.0,0,,JohnTy00
502,Tyron Johnson,25,JAX,WR,5,0,0,0,0,0,,,,0.0,0.0,0,,JohnTy03
503,Julio Jones,32,TEN,WR,10,10,0,0,0,0,,,,0.0,0.0,0,,JoneJu02
504,Marvin Jones,31,JAX,WR,17,16,0,0,0,0,,,,0.0,0.0,0,,JoneMa02
505,Brevin Jordan,21,HOU,TE,9,2,0,0,0,0,,,,0.0,0.0,0,,JordBr00
506,Marcus Kemp,26,KAN,WR,16,0,0,0,0,0,,,,0.0,0.0,0,,KempMa00
507,Tom Kennedy,25,DET,WR,12,0,0,0,0,0,,,,0.0,0.0,0,,KennTo01
508,Keith Kirkwood,27,CAR,WR,3,0,0,0,0,0,,,,0.0,0.0,0,,KirkKe00
509,Dawson Knox,25,BUF,TE,15,14,0,4,0,0,,,,0.3,0.0,0,,KnoxDa00
510,Tyler Kroft,29,NYJ,TE,9,6,0,0,0,0,,,,0.0,0.0,0,,KrofTy00
511,Jake Kumerow,29,BUF,WR,15,2,0,0,0,0,,,,0.0,0.0,0,,KumeJa00
512,Marcedes Lewis,37,GNB,TE,17,17,0,0,0,0,,,,0.0,0.0,1,,LewiMa00
513,Tommylee Lewis,29,MIA,WR,2,0,0,0,0,0,,,,0.0,0.0,0,,LewiTo00
514,Hunter Long,23,MIA,TE,7,2,0,0,0,0,,,,0.0,0.0,0,,LongHu00
515,Chris Manhertz,29,JAX,TE,17,10,0,0,0,0,,,,0.0,0.0,0,,ManhCh00
516,Terrace Marshall Jr.,21,CAR,WR,13,3,0,0,0,0,,,,0.0,0.0,0,,MarsTe00
517,Conor McDermott,29,NYJ,T,6,3,0,0,0,0,,,,0.0,0.0,0,,McDeCo00
518,Codey McElroy,29,TAM,TE,2,0,0,0,0,0,,,,0.0,0.0,0,,McElCo00
519,Sean McKeon,24,DAL,TE,9,2,0,0,0,0,,,,0.0,0.0,0,,McKeSe01
520,Tre' McKitty,22,LAC,TE,11,4,0,0,0,0,,,,0.0,0.0,0,,McKiTr00
521,Racey McMath,22,TEN,WR,9,0,0,0,0,0,,,,0.0,0.0,1,,McMaRa00
522,Kirk Merritt,24,MIA,WR,2,0,0,0,0,0,,,,0.0,0.0,0,,MerrKi00
523,Jaydon Mickens,27,JAX,WR,6,0,0,0,0,0,,,,0.0,0.0,1,,MickJa01
524,Anthony Miller,27,2TM,WR,3,1,0,0,0,0,,,,0.0,0.0,0,,MillAn02
524,Anthony Miller,27,HOU,WR,2,1,0,0,0,0,,,,0.0,0.0,0,,MillAn02
524,Anthony Miller,27,PIT,WR,1,0,0,0,0,0,,,,0.0,0.0,0,,MillAn02
525,Denzel Mims,24,NYJ,WR,11,3,0,0,0,0,,,,0.0,0.0,0,,MimsDe00
526,D.J. Montgomery,25,NYJ,WR,3,0,0,0,0,0,,,,0.0,0.0,0,,MontDJ01
527,Chris Moore,28,HOU,WR,12,1,0,0,0,0,,,,0.0,0.0,0,,MoorCh00
528,David Moore,26,DEN,WR,2,0,0,0,0,0,,,,0.0,0.0,0,,MoorDa03
529,Jason Moore,26,LAC,WR,2,1,0,0,0,0,,,,0.0,0.0,0,,MoorJa02
530,Foster Moreau,24,LVR,TE,17,11,0,0,0,0,,,,0.0,0.0,1,,MoreFo00
531,Johnny Mundt,27,LAR,TE,6,0,0,0,0,0,,,,0.0,0.0,0,,MundJo00
532,Chris Myarick,26,NYG,TE,8,3,0,0,0,0,,,,0.0,0.0,0,,MyarCh00
533,Matt Nelson,26,DET,RT,13,11,0,0,0,0,,,,0.0,0.0,0,,NelsMa00
534,Dazz Newsome,22,CHI,WR,3,1,0,0,0,0,,,,0.0,0.0,0,,NewsDa00
535,James O'Shaughnessy,29,JAX,TE,7,6,0,0,0,0,,,,0.0,0.0,0,,O'ShJa00
536,Albert Okwuegbunam,23,DEN,TE,14,6,0,0,0,0,,,,0.0,0.0,1,,OkwuAl00
537,Josh Oliver,24,BAL,TE,14,1,0,0,0,0,,,,0.0,0.0,1,,OlivJo00
538,Donald Parham,24,LAC,TE,14,9,0,0,0,0,,,,0.0,0.0,0,,ParhDo00
539,DeVante Parker,28,MIA,WR,10,8,0,0,0,0,,,,0.0,0.0,0,,ParkDe01
540,Colby Parkinson,22,SEA,TE,14,1,0,0,0,0,,,,0.0,0.0,0,,ParkCo02
541,Dezmon Patmon,23,IND,WR,8,0,0,0,0,0,,,,0.0,0.0,0,,PatmDe00
542,Tim Patrick,28,DEN,WR,16,16,0,0,0,0,,,,0.0,0.0,0,,PatrTi00
543,Donovan Peoples-Jones,22,CLE,WR,14,9,0,0,0,0,,,,0.0,0.0,2,,PeopDo00
544,Dante Pettis,26,NYG,WR,3,0,0,0,0,0,,,,0.0,0.0,1,,PettDa00
545,Danny Pinter,25,IND,G,16,3,0,0,0,0,,,,0.0,0.0,0,,PintDa00
546,Kyle Pitts,21,ATL,TE,17,15,0,0,0,0,,,,0.0,0.0,0,PB,PittKy00
547,Bobby Price,23,DET,DB,15,2,0,0,0,0,,,,0.0,0.0,0,,PricBo00
548,Byron Pringle,28,KAN,WR,17,5,0,0,0,0,,,,0.0,0.0,2,,PrinBy00
549,James Proche,25,BAL,WR,14,0,0,0,0,0,,,,0.0,0.0,0,,ProcJa00
550,MyCole Pruitt,29,TEN,TE,16,9,0,0,0,0,,,,0.0,0.0,0,,PruiMy00
551,Kevin Rader,26,PIT,TE,6,1,0,0,0,0,,,,0.0,0.0,0,,RadeKe00
552,Mike Remmers,32,KAN,T,4,2,0,0,0,0,,,,0.0,0.0,0,,RemmMi00
553,Josh Reynolds,26,2TM,WR,12,5,0,0,0,0,,,,0.0,0.0,0,,ReynJo00
553,Josh Reynolds,26,TEN,WR,5,0,0,0,0,0,,,,0.0,0.0,0,,ReynJo00
553,Josh Reynolds,26,DET,WR,7,5,0,0,0,0,,,,0.0,0.0,0,,ReynJo00
554,Giovanni Ricci,25,CAR,FB,16,1,0,0,0,0,,,,0.0,0.0,0,,RiccGi00
555,Calvin Ridley,27,ATL,WR,5,5,0,0,0,0,,,,0.0,0.0,0,,RidlCa00
556,Allen Robinson,28,CHI,WR,12,11,0,0,0,0,,,,0.0,0.0,0,,RobiAl02
557,Demarcus Robinson,27,KAN,WR,17,10,0,0,0,0,,,,0.0,0.0,0,,RobiDe01
558,Richard Rodgers,29,PHI,TE,3,0,0,0,0,0,,,,0.0,0.0,0,,RodgRi00
559,Kyle Rudolph,32,NYG,TE,16,13,0,0,0,0,,,,0.0,0.0,0,,RudoKy00
560,Drew Sample,25,CIN,TE,17,8,0,0,0,0,,,,0.0,0.0,0,,SampDr00
561,Mohamed Sanu,32,SFO,WR,8,0,0,0,0,0,,,,0.0,0.0,0,,SanuMo00
562,Eric Saubert,27,DEN,TE,17,4,0,0,0,0,,,,0.0,0.0,0,,SaubEr00
563,C.J. Saunders,25,CAR,WR,2,0,0,0,0,0,,,,0.0,0.0,0,,SaunCJ00
564,Dalton Schultz,25,DAL,TE,17,15,0,0,0,0,,,,0.0,0.0,0,,SchuDa00
565,Ricky Seals-Jones,26,WAS,TE,13,6,0,0,0,0,,,,0.0,0.0,0,,SealRi00
566,Adam Shaheen,27,MIA,TE,12,7,0,0,0,0,,,,0.0,0.0,0,,ShahAd00
567,Tajae Sharpe,27,ATL,WR,15,7,0,0,0,0,,,,0.0,0.0,0,,SharTa00
568,Trent Sherfield,25,SFO,WR,17,1,0,0,0,0,,,,0.0,0.0,0,,SherTr00
569,David Sills V,25,NYG,WR,4,1,0,0,0,0,,,,0.0,0.0,0,,SillDa01
570,Ben Skowronek,24,LAR,WR,14,1,0,0,0,0,,,,0.0,0.0,0,,SkowBe00
571,Devin Smith,29,JAX,WR,4,0,0,0,0,0,,,,0.0,0.0,0,,SmitDe04
572,DeVonta Smith,23,PHI,WR,17,16,0,0,0,0,,,,0.0,0.0,1,,SmitDe07
573,Kaden Smith,24,NYG,TE,9,4,0,0,0,0,,,,0.0,0.0,0,,SmitKa00
574,Lee Smith,34,ATL,TE,16,6,0,0,0,0,,,,0.0,0.0,0,,SmitLe00
575,Rodney Smith,25,CAR,RB,2,0,0,0,0,0,,,,0.0,0.0,0,,SmitRo08
576,Tre'Quan Smith,25,NOR,WR,11,6,0,0,0,0,,,,0.0,0.0,1,,SmitTr03
577,Vyncint Smith,25,NYJ,WR,2,0,0,0,0,0,,,,0.0,0.0,0,,SmitVy00
578,Ihmir Smith-Marsette,22,MIN,WR,8,1,0,0,0,0,,,,0.0,0.0,0,,SmitIh00
579,Willie Snead,29,2TM,WR,9,0,0,0,0,0,,,,0.0,0.0,0,,SneaWi00
579,Willie Snead,29,LVR,WR,7,0,0,0,0,0,,,,0.0,0.0,0,,SneaWi00
579,Willie Snead,29,CAR,WR,2,0,0,0,0,0,,,,0.0,0.0,0,,SneaWi00
580,Diontae Spencer,29,DEN,WR,15,0,0,0,0,0,,,,0.0,0.0,2,,SpenDi00
581,Jeremy Sprinkle,27,DAL,TE,17,4,0,0,0,0,,,,0.0,0.0,0,,SpriJe00
582,Terence Steele,24,DAL,RT/LT,16,13,0,0,0,0,,,,0.0,0.0,0,,SteeTe01
583,Luke Stocker,33,MIN,TE,12,0,0,0,0,0,,,,0.0,0.0,0,,StocLu00
584,Jack Stoll,23,PHI,TE,16,5,0,0,0,0,,,,0.0,0.0,0,,StolJa00
585,Mike Strachan,24,IND,WR,6,0,0,0,0,0,,,,0.0,0.0,0,,StraMi03
586,Stephen Sullivan,25,CAR,TE,3,0,0,0,0,0,,,,0.0,0.0,0,,SullSt00
587,Courtland Sutton,26,DEN,WR,17,16,0,0,0,0,,,,0.0,0.0,0,,SuttCo00
588,Geoff Swaim,28,TEN,TE,16,16,0,0,0,0,,,,0.0,0.0,0,,SwaiGe00
589,Tommy Sweeney,26,BUF,TE,13,3,0,0,0,0,,,,0.0,0.0,1,,SweeTo00
590,Auden Tate,24,CIN,WR,7,0,0,0,0,0,,,,0.0,0.0,0,,TateAu00
591,Malik Taylor,26,GNB,WR,10,0,0,0,0,0,,,,0.0,0.0,1,,TaylMa01
592,Trent Taylor,27,CIN,WR,4,0,0,0,0,0,,,,0.0,0.0,0,,TaylTr02
593,Andrew Thomas,22,NYG,LT,13,13,0,0,0,0,,,,0.0,0.0,0,,ThomAn02
594,Ian Thomas,25,CAR,TE,17,13,0,0,0,0,,,,0.0,0.0,0,,ThomIa00
595,Logan Thomas,30,WAS,TE,6,6,0,0,0,0,,,,0.0,0.0,1,,ThomLo00
596,Mike Thomas,27,CIN,WR,12,1,0,0,0,0,,,,0.0,0.0,0,,ThomMi04
597,Colin Thompson,28,CAR,TE,11,2,0,0,0,0,,,,0.0,0.0,0,,ThomCo03
598,Eric Tomlinson,29,BAL,TE,17,7,0,0,0,0,,,,0.0,0.0,0,,TomlEr01
599,Robert Tonyan,27,GNB,TE,8,5,0,0,0,0,,,,0.0,0.0,0,,TonyRo00
600,Adam Trautman,24,NOR,TE,13,10,0,0,0,0,,,,0.0,0.0,1,,TrauAd00
601,Laquon Treadwell,26,JAX,WR,12,7,0,0,0,0,,,,0.0,0.0,0,,TreaLa00
602,Malik Turner,25,DAL,WR,14,0,0,0,0,0,,,,0.0,0.0,0,,TurnMa00
603,C.J. Uzomah,28,CIN,TE,16,16,0,0,0,0,,,,0.0,0.0,0,,UzomC.00
604,Marquez Valdes-Scantling,27,GNB,WR,11,7,0,0,0,0,,,,0.0,0.0,0,,ValdMa00
605,Nick Vannett,28,NOR,TE,7,2,0,0,0,0,,,,0.0,0.0,0,,VannNi00
606,Tylan Wallace,22,BAL,WR,17,1,0,0,0,0,,,,0.0,0.0,0,,WallTy00
607,Darren Waller,29,LVR,TE,11,11,0,0,0,0,,,,0.0,0.0,0,,WallDa01
608,Greg Ward,26,PHI,WR,17,0,0,0,0,0,,,,0.0,0.0,0,,WardGr02
609,Sammy Watkins,28,BAL,WR,13,9,0,0,0,0,,,,0.0,0.0,1,,WatkSa00
610,Trevon Wesco,26,NYJ,TE,12,7,0,0,0,0,,,,0.0,0.0,0,,WescTr00
611,Antoine Wesley,24,ARI,WR,15,4,0,0,0,0,,,,0.0,0.0,0,,WeslAn01
612,Dede Westbrook,28,MIN,WR,15,0,0,0,0,0,,,,0.0,0.0,2,,WestDe00
613,Nick Westbrook-Ikhine,24,TEN,WR,16,7,0,0,0,0,,,,0.0,0.0,1,,WestNi00
614,Cody White,23,PIT,WR,15,0,0,0,0,0,,,,0.0,0.0,0,,WhitCo05
615,Kevin White,29,NOR,WR,6,1,0,0,0,0,,,,0.0,0.0,0,,WhitKe00
616,Mitchell Wilcox,25,CIN,TE,15,1,0,0,0,0,,,,0.0,0.0,0,,WilcMi01
617,Kristian Wilkerson,24,NWE,WR,3,1,0,0,0,0,,,,0.0,0.0,0,,WilkKr00
618,Christian Wilkins,26,MIA,RDE,17,17,0,0,0,0,,,,0.0,0.0,1,,WilkCh00
619,Maxx Williams,27,ARI,TE,5,5,0,0,0,0,,,,0.0,0.0,0,,WillMa04
620,Mike Williams,27,LAC,WR,16,14,0,0,0,0,,,,0.0,0.0,0,,WillMi07
621,Seth Williams,21,DEN,WR,2,1,0,0,0,0,,,,0.0,0.0,0,,WillSe00
622,Trent Williams,33,SFO,LT,15,15,0,0,0,0,,,,0.0,0.0,0,PBAP-1,WillTr21
623,Tyrell Williams,29,DET,WR,1,1,0,0,0,0,,,,0.0,0.0,0,,WillTy00
624,Juwann Winfree,25,GNB,WR,7,0,0,0,0,0,,,,0.0,0.0,2,,WinfJu00
625,Easop Winston,25,NOR,WR,3,1,0,0,0,0,,,,0.0,0.0,0,,WinsEa00
626,Charlie Woerner,24,SFO,TE,17,3,0,0,0,0,,,,0.0,0.0,0,,WoerCh00
627,Ethan Wolf,26,NOR,TE,2,1,0,0,0,0,,,,0.0,0.0,0,,WolfEt00
628,Brock Wright,23,DET,TE,10,5,0,0,0,0,,,,0.0,0.0,0,,WrigBr01
629,Kenny Yeboah,23,NYJ,TE,9,0,0,0,0,0,,,,0.0,0.0,0,,YeboKe00
630,Deon Yelder,26,TAM,TE,5,0,0,0,0,0,,,,0.0,0.0,0,,YeldDe00
631,Brandon Zylstra,28,CAR,WR,13,3,0,0,0,0,,,,0.0,0.0,0,,ZylsBr00
632,Shane Zylstra,25,DET,TE,4,0,0,0,0,0,,,,0.0,0.0,0,,ZylsSh00
,League Average,,,,,,,,,,49.6,,4.3,8.7,2.0,,,-9999